stand_id,variant
1,PN
100,PN
10018,PN
10022,PN
10024,PN
10030,PN
10034,PN
10040,PN
10051,PN
10052,PN
10064,PN
10074,PN
10186,PN
102,PN
10202,PN
10213,PN
10218,PN
10253,PN
103,PN
10315,PN
10321,PN
10330,PN
10349,PN
10350,PN
10358,PN
10372,PN
10373,PN
10383,PN
10389,PN
10394,PN
10397,PN
104,PN
10403,PN
10404,PN
10407,PN
10409,PN
10412,PN
10415,PN
10424,PN
10425,PN
10426,PN
10428,PN
1043,PN
10432,PN
10437,PN
10439,PN
1044,PN
10441,PN
10442,PN
10445,PN
10449,PN
1045,PN
10452,PN
1046,PN
10462,PN
1047,PN
10475,PN
10476,PN
10478,PN
1048,PN
10484,PN
10485,PN
10487,PN
10489,PN
10492,PN
10499,PN
105,PN
1051,PN
1052,PN
1053,PN
1057,PN
1058,PN
1059,PN
106,PN
1060,PN
1062,PN
1064,PN
1066,PN
1068,PN
1070,PN
1071,PN
1073,PN
1076,PN
1081,PN
1082,PN
1088,PN
1089,PN
109,PN
1090,PN
1091,PN
1092,PN
10937,PN
1095,PN
10967,PN
10974,PN
10987,PN
11,PN
11014,PN
11023,PN
1104,PN
11045,PN
1105,PN
11062,PN
11080,PN
11106,PN
1111,PN
11111,PN
11112,PN
11113,PN
11114,PN
11118,PN
11120,PN
11123,PN
11125,PN
11126,PN
11127,PN
11129,PN
1113,PN
11131,PN
11132,PN
11135,PN
11137,PN
11138,PN
11139,PN
11142,PN
11143,PN
11144,PN
11148,PN
11149,PN
1115,PN
11150,PN
11154,PN
11155,PN
11156,PN
11157,PN
11158,PN
11159,PN
11162,PN
11164,PN
11167,PN
1117,PN
11172,PN
11174,PN
11179,PN
11181,PN
11182,PN
11183,PN
11184,PN
11185,PN
11187,PN
11191,PN
11197,PN
11200,PN
11204,PN
11206,PN
11209,PN
1121,PN
11210,PN
11211,PN
11212,PN
11215,PN
11217,PN
1122,PN
11220,PN
11224,PN
11226,PN
11229,PN
11230,PN
11232,PN
11234,PN
11236,PN
11237,PN
11240,PN
11241,PN
11243,PN
11246,PN
11247,PN
11248,PN
11252,PN
11257,PN
1126,PN
1127,PN
11274,PN
11276,PN
11277,PN
11288,PN
11292,PN
11295,PN
1130,PN
1133,PN
1134,PN
11388,PN
11389,PN
1139,PN
11399,PN
1141,PN
11416,PN
11432,PN
11438,PN
1144,PN
1147,PN
1149,PN
115,PN
1152,PN
1156,PN
1162,PN
1163,PN
1164,PN
1168,PN
117,PN
1170,PN
1171,PN
118,PN
1180,PN
1181,PN
1185,PN
1189,PN
119,PN
1191,PN
1194,PN
12,PN
120,PN
1208,PN
1218,PN
122,PN
123,PN
124,PN
1241,PN
1246,PN
1258,PN
126,PN
1262,PN
127,PN
1273,PN
1276,PN
1279,PN
128,PN
1284,PN
1288,PN
129,PN
13,PN
130,PN
1305,PN
1308,PN
1314,PN
1319,PN
132,PN
1320,PN
1322,PN
1347,PN
1352,PN
1356,PN
136,PN
1366,PN
1368,PN
1378,PN
1382,PN
139,PN
1396,PN
14,PN
140,PN
1402,PN
1403,PN
1419,PN
142,PN
143,PN
1440,PN
1445,PN
1446,PN
1448,PN
145,PN
1450,PN
1468,PN
147,PN
1471,PN
1475,PN
148,PN
1480,PN
1485,PN
1489,PN
149,PN
1498,PN
1515,PN
152,PN
153,PN
1530,PN
1537,PN
154,PN
1549,PN
155,PN
1551,PN
156,PN
1560,PN
1564,PN
1565,PN
1569,PN
1576,PN
1577,PN
158,PN
1581,PN
1582,PN
1585,PN
1586,PN
1588,PN
159,PN
1590,PN
1591,PN
1593,PN
1595,PN
1596,PN
1597,PN
1599,PN
160,PN
1600,PN
1602,PN
1604,PN
1606,PN
1608,PN
1613,PN
1615,PN
1616,PN
162,PN
1622,PN
1623,PN
1626,PN
1628,PN
1629,PN
163,PN
1630,PN
1633,PN
1638,PN
1645,PN
1646,PN
1647,PN
1649,PN
165,PN
1652,PN
1656,PN
1657,PN
1658,PN
1659,PN
166,PN
1660,PN
1663,PN
1665,PN
1666,PN
1668,PN
167,PN
1670,PN
1671,PN
1676,PN
1677,PN
1678,PN
168,PN
1681,PN
1684,PN
1688,PN
169,PN
1692,PN
1693,PN
1694,PN
1698,PN
1699,PN
17,PN
1702,PN
1705,PN
1706,PN
1708,PN
1709,PN
171,PN
1712,PN
1713,PN
1715,PN
172,PN
1720,PN
1721,PN
1726,PN
1727,PN
1729,PN
173,PN
1731,PN
1734,PN
1735,PN
1737,PN
174,PN
1740,PN
1742,PN
1743,PN
1748,PN
1749,PN
175,PN
1750,PN
1755,PN
1756,PN
1759,PN
176,PN
1760,PN
1761,PN
1764,PN
1766,PN
1767,PN
177,PN
1771,PN
1773,PN
1775,PN
1777,PN
1781,PN
1782,PN
1783,PN
1784,PN
1788,PN
1789,PN
179,PN
1792,PN
1793,PN
1795,PN
1797,PN
1799,PN
180,PN
1800,PN
1803,PN
1805,PN
1806,PN
1807,PN
1809,PN
181,PN
1810,PN
1811,PN
1813,PN
1816,PN
1818,PN
1819,PN
182,PN
1820,PN
1822,PN
1823,PN
1828,PN
1829,PN
183,PN
1832,PN
1833,PN
1834,PN
1838,PN
1839,PN
1840,PN
1841,PN
1843,PN
1844,PN
1849,PN
185,PN
1850,PN
1852,PN
1855,PN
1859,PN
186,PN
1860,PN
1862,PN
1863,PN
1865,PN
1867,PN
1869,PN
187,PN
1870,PN
1871,PN
1874,PN
1876,PN
1881,PN
1884,PN
1885,PN
1886,PN
189,PN
1890,PN
1893,PN
1896,PN
1898,PN
19,PN
190,PN
1900,PN
1901,PN
1903,PN
1904,PN
1907,PN
191,PN
1910,PN
1911,PN
1912,PN
1913,PN
1914,PN
1916,PN
1918,PN
192,PN
1920,PN
1923,PN
1924,PN
1925,PN
1926,PN
193,PN
1930,PN
1931,PN
1932,PN
1933,PN
1935,PN
1937,PN
1938,PN
1939,PN
1940,PN
1941,PN
1943,PN
1945,PN
1946,PN
195,PN
1952,PN
1957,PN
196,PN
1961,PN
1962,PN
1965,PN
1966,PN
1967,PN
1969,PN
197,PN
1972,PN
1974,PN
1976,PN
1977,PN
1978,PN
1979,PN
1981,PN
1982,PN
1985,PN
1988,PN
1989,PN
199,PN
1991,PN
1995,PN
1997,PN
1998,PN
1999,PN
2,PN
20,PN
200,PN
2000,PN
2002,PN
2003,PN
2008,PN
201,PN
2010,PN
2012,PN
2014,PN
2017,PN
2019,PN
202,PN
2022,PN
2023,PN
2024,PN
2025,PN
2026,PN
2027,PN
2028,PN
2030,PN
2031,PN
2032,PN
2033,PN
2034,PN
2036,PN
2037,PN
204,PN
2040,PN
2041,PN
2043,PN
2047,PN
205,PN
2050,PN
2051,PN
2052,PN
2053,PN
2056,PN
2059,PN
2061,PN
2064,PN
2067,PN
207,PN
2070,PN
2071,PN
2073,PN
2074,PN
2075,PN
2077,PN
2082,PN
2083,PN
2084,PN
2086,PN
209,PN
2097,PN
2098,PN
21,PN
210,PN
2100,PN
2104,PN
2106,PN
2108,PN
2109,PN
211,PN
2110,PN
2111,PN
2114,PN
2115,PN
2116,PN
2117,PN
212,PN
2121,PN
2123,PN
2125,PN
213,PN
2130,PN
2131,PN
2133,PN
2134,PN
2135,PN
2136,PN
2139,PN
214,PN
2140,PN
2141,PN
2142,PN
2143,PN
2148,PN
2149,PN
215,PN
2150,PN
2151,PN
2152,PN
2158,PN
2159,PN
2161,PN
2162,PN
2167,PN
2168,PN
2169,PN
217,PN
2170,PN
2171,PN
2172,PN
2176,PN
2178,PN
2179,PN
218,PN
2180,PN
2184,PN
2187,PN
2188,PN
219,PN
2192,PN
2193,PN
2194,PN
2195,PN
2197,PN
22,PN
220,PN
2200,PN
2201,PN
2206,PN
221,PN
2210,PN
2211,PN
2212,PN
2213,PN
2215,PN
2218,PN
222,PN
2222,PN
2223,PN
2226,PN
2227,PN
2228,PN
223,PN
2233,PN
2234,PN
2236,PN
2237,PN
2238,PN
2239,PN
224,PN
2241,PN
2243,PN
2247,PN
2248,PN
225,PN
2254,PN
2255,PN
2256,PN
2259,PN
2260,PN
2261,PN
2266,PN
2267,PN
227,PN
2270,PN
2271,PN
2272,PN
2273,PN
228,PN
2281,PN
2282,PN
2283,PN
2286,PN
2287,PN
2288,PN
2289,PN
229,PN
2291,PN
2292,PN
2294,PN
2295,PN
2296,PN
2297,PN
23,PN
230,PN
2303,PN
2304,PN
2305,PN
231,PN
2310,PN
2311,PN
2312,PN
2315,PN
2316,PN
2317,PN
232,PN
2320,PN
2323,PN
2324,PN
2325,PN
2326,PN
2329,PN
233,PN
2332,PN
2333,PN
2334,PN
2336,PN
2337,PN
234,PN
2340,PN
2344,PN
2347,PN
2349,PN
235,PN
2352,PN
2353,PN
2357,PN
2358,PN
236,PN
2362,PN
2365,PN
2369,PN
237,PN
2373,PN
2374,PN
2376,PN
2380,PN
2382,PN
2383,PN
2384,PN
2385,PN
2387,PN
239,PN
2393,PN
2394,PN
2395,PN
24,PN
240,PN
2401,PN
2402,PN
2403,PN
2404,PN
2405,PN
2406,PN
2409,PN
241,PN
2410,PN
2411,PN
2413,PN
2419,PN
2421,PN
2423,PN
2426,PN
2427,PN
2429,PN
243,PN
2433,PN
2435,PN
2436,PN
2438,PN
244,PN
2440,PN
2446,PN
2448,PN
2449,PN
245,PN
2450,PN
2454,PN
2455,PN
2457,PN
246,PN
2462,PN
2464,PN
2467,PN
2468,PN
2469,PN
2471,PN
2475,PN
248,PN
2483,PN
2486,PN
2487,PN
2489,PN
249,PN
2491,PN
2493,PN
2495,PN
2496,PN
2498,PN
25,PN
250,PN
2505,PN
2508,PN
251,PN
2510,PN
2512,PN
2513,PN
2514,PN
2515,PN
2516,PN
252,PN
2520,PN
2521,PN
2523,PN
2524,PN
2525,PN
2530,PN
2531,PN
2532,PN
2533,PN
2536,PN
2538,PN
254,PN
2540,PN
2541,PN
2544,PN
2545,PN
2546,PN
2548,PN
2550,PN
2552,PN
2555,PN
2556,PN
2560,PN
2563,PN
2566,PN
2567,PN
2568,PN
257,PN
2570,PN
2574,PN
2575,PN
2578,PN
258,PN
2585,PN
2589,PN
259,PN
2590,PN
2592,PN
2593,PN
2595,PN
2596,PN
260,PN
2600,PN
2601,PN
2603,PN
2605,PN
2606,PN
2608,PN
261,PN
2610,PN
2611,PN
2615,PN
262,PN
2620,PN
2622,PN
2625,PN
2629,PN
263,PN
2632,PN
2637,PN
264,PN
2641,PN
2648,PN
2649,PN
265,PN
2650,PN
2651,PN
2653,PN
2655,PN
2657,PN
2658,PN
266,PN
2660,PN
2662,PN
2666,PN
2668,PN
2669,PN
267,PN
2670,PN
2671,PN
2672,PN
2674,PN
2678,PN
2679,PN
268,PN
2681,PN
2686,PN
2688,PN
269,PN
2690,PN
2697,PN
27,PN
270,PN
2705,PN
2709,PN
271,PN
2712,PN
2726,PN
273,PN
2738,PN
2746,PN
275,PN
2755,PN
2757,PN
2759,PN
276,PN
2760,PN
2762,PN
2763,PN
2769,PN
2772,PN
2773,PN
2774,PN
2775,PN
2777,PN
2778,PN
2779,PN
278,PN
2780,PN
2781,PN
2782,PN
2783,PN
2785,PN
2786,PN
2787,PN
2788,PN
279,PN
2790,PN
2791,PN
2794,PN
2795,PN
2796,PN
2797,PN
2798,PN
2799,PN
28,PN
280,PN
2800,PN
2801,PN
2802,PN
2803,PN
2804,PN
2806,PN
2807,PN
2808,PN
2809,PN
281,PN
2810,PN
2811,PN
2812,PN
2813,PN
2814,PN
2815,PN
2816,PN
2817,PN
2819,PN
2820,PN
2821,PN
2822,PN
2824,PN
2827,PN
2828,PN
2829,PN
2830,PN
2831,PN
2832,PN
2833,PN
2834,PN
2835,PN
2838,PN
2840,PN
2841,PN
2842,PN
2843,PN
2844,PN
2845,PN
2846,PN
2847,PN
2848,PN
2850,PN
2851,PN
2852,PN
2854,PN
2855,PN
2856,PN
2858,PN
286,PN
2860,PN
2861,PN
2862,PN
2863,PN
2864,PN
2865,PN
2867,PN
2869,PN
287,PN
2870,PN
2871,PN
2872,PN
2873,PN
2874,PN
2875,PN
2876,PN
2877,PN
2878,PN
2879,PN
288,PN
2880,PN
2882,PN
2883,PN
2885,PN
2887,PN
2889,PN
2892,PN
2893,PN
2894,PN
2895,PN
2896,PN
2898,PN
2899,PN
290,PN
2900,PN
2901,PN
2902,PN
2903,PN
2904,PN
2905,PN
2906,PN
2907,PN
2908,PN
2909,PN
291,PN
2910,PN
2912,PN
2913,PN
2914,PN
2915,PN
2916,PN
2918,PN
2919,PN
2920,PN
2921,PN
2922,PN
2923,PN
2924,PN
2925,PN
2926,PN
2927,PN
2928,PN
293,PN
2930,PN
2932,PN
2933,PN
2935,PN
2936,PN
2937,PN
2939,PN
294,PN
2940,PN
2941,PN
2942,PN
2943,PN
2944,PN
2946,PN
2947,PN
2949,PN
295,PN
2950,PN
2951,PN
2952,PN
2953,PN
2954,PN
2955,PN
2956,PN
2958,PN
2959,PN
2960,PN
2961,PN
2962,PN
2963,PN
2964,PN
2965,PN
2966,PN
2967,PN
2968,PN
2969,PN
297,PN
2971,PN
2972,PN
2973,PN
2974,PN
2975,PN
2976,PN
2978,PN
2979,PN
2980,PN
2981,PN
2985,PN
2987,PN
2988,PN
2989,PN
299,PN
2990,PN
2991,PN
2992,PN
2993,PN
2994,PN
2995,PN
2996,PN
2997,PN
2998,PN
2999,PN
300,PN
3000,PN
3001,PN
3002,PN
3003,PN
3004,PN
3005,PN
3006,PN
3007,PN
3008,PN
3009,PN
301,PN
3010,PN
3011,PN
3012,PN
3014,PN
3015,PN
3016,PN
3017,PN
3018,PN
3019,PN
302,PN
3020,PN
3021,PN
3022,PN
3023,PN
3024,PN
3025,PN
3026,PN
3027,PN
3028,PN
3029,PN
303,PN
3030,PN
3031,PN
3032,PN
3033,PN
3034,PN
3035,PN
3036,PN
3037,PN
3038,PN
3039,PN
304,PN
3040,PN
3041,PN
3042,PN
3043,PN
3044,PN
3045,PN
3046,PN
3047,PN
305,PN
3050,PN
3051,PN
3052,PN
3053,PN
3054,PN
3055,PN
3056,PN
3057,PN
3058,PN
3059,PN
3060,PN
3061,PN
3062,PN
3063,PN
3064,PN
3065,PN
3066,PN
3067,PN
3069,PN
307,PN
3070,PN
3071,PN
3072,PN
3074,PN
3075,PN
3076,PN
3079,PN
308,PN
3080,PN
3082,PN
3083,PN
3084,PN
3086,PN
3087,PN
3088,PN
3089,PN
3090,PN
3092,PN
3093,PN
3094,PN
3095,PN
3096,PN
3098,PN
3099,PN
31,PN
310,PN
3100,PN
3101,PN
3102,PN
3103,PN
3104,PN
3105,PN
3109,PN
3110,PN
3111,PN
3112,PN
3113,PN
3114,PN
3115,PN
3117,PN
3118,PN
3119,PN
3120,PN
3121,PN
3122,PN
3123,PN
3124,PN
3125,PN
3126,PN
3127,PN
3128,PN
3129,PN
3130,PN
3131,PN
3132,PN
3133,PN
3134,PN
3135,PN
3136,PN
3137,PN
3138,PN
3139,PN
314,PN
3140,PN
3141,PN
3142,PN
3145,PN
3146,PN
3148,PN
3149,PN
315,PN
3150,PN
3151,PN
3153,PN
3154,PN
3155,PN
3156,PN
3157,PN
3159,PN
316,PN
3160,PN
3161,PN
3162,PN
3163,PN
3165,PN
3167,PN
3168,PN
3169,PN
317,PN
3170,PN
3171,PN
3174,PN
3176,PN
3177,PN
3179,PN
3180,PN
3181,PN
3182,PN
3184,PN
3185,PN
3187,PN
319,PN
3190,PN
3191,PN
3192,PN
3193,PN
3195,PN
3196,PN
3198,PN
3199,PN
32,PN
320,PN
3200,PN
3201,PN
3202,PN
3203,PN
3204,PN
3205,PN
3206,PN
3207,PN
3208,PN
3209,PN
321,PN
3210,PN
3211,PN
3212,PN
3213,PN
3214,PN
3215,PN
3216,PN
3217,PN
3218,PN
3219,PN
322,PN
3220,PN
3221,PN
3222,PN
3223,PN
3224,PN
3225,PN
3226,PN
3228,PN
3229,PN
3230,PN
3231,PN
3233,PN
3235,PN
3236,PN
3237,PN
3238,PN
3239,PN
324,PN
3240,PN
3241,PN
3242,PN
3243,PN
3244,PN
3245,PN
3246,PN
3247,PN
3248,PN
3249,PN
325,PN
3250,PN
3251,PN
3252,PN
3253,PN
3254,PN
3255,PN
3256,PN
3257,PN
3258,PN
3259,PN
326,PN
3260,PN
3261,PN
3263,PN
3264,PN
3266,PN
3267,PN
3268,PN
3269,PN
327,PN
3271,PN
3272,PN
3273,PN
3274,PN
3275,PN
3276,PN
3277,PN
3278,PN
3279,PN
328,PN
3281,PN
3282,PN
3283,PN
3285,PN
3286,PN
3287,PN
3288,PN
3289,PN
3290,PN
3291,PN
3292,PN
3294,PN
3297,PN
3298,PN
330,PN
3301,PN
3302,PN
3304,PN
3305,PN
3306,PN
3307,PN
3308,PN
331,PN
3311,PN
3312,PN
3313,PN
3314,PN
3316,PN
3317,PN
3318,PN
332,PN
3320,PN
3322,PN
3325,PN
3326,PN
3327,PN
3328,PN
3329,PN
333,PN
3330,PN
3331,PN
3332,PN
3333,PN
3334,PN
3336,PN
3337,PN
3338,PN
3339,PN
334,PN
3340,PN
3342,PN
3344,PN
3345,PN
3346,PN
3347,PN
3348,PN
3349,PN
3350,PN
3351,PN
3352,PN
3353,PN
3354,PN
3355,PN
3356,PN
3357,PN
3358,PN
3361,PN
3362,PN
3363,PN
3364,PN
3365,PN
3366,PN
3368,PN
3369,PN
3370,PN
3371,PN
3372,PN
3373,PN
3374,PN
3375,PN
338,PN
3380,PN
3381,PN
3382,PN
3383,PN
3384,PN
3385,PN
3386,PN
3387,PN
3388,PN
3389,PN
339,PN
3390,PN
3391,PN
3392,PN
3393,PN
3394,PN
3395,PN
3398,PN
3399,PN
34,PN
3400,PN
3401,PN
3402,PN
3404,PN
3406,PN
3409,PN
3410,PN
3411,PN
3412,PN
3413,PN
3414,PN
3415,PN
3416,PN
3417,PN
3418,PN
3419,PN
342,PN
3420,PN
3421,PN
3423,PN
3424,PN
3425,PN
3426,PN
3427,PN
3428,PN
3429,PN
3430,PN
3431,PN
3432,PN
3433,PN
3434,PN
3435,PN
3436,PN
3437,PN
3438,PN
3439,PN
344,PN
3441,PN
3442,PN
3443,PN
3444,PN
3446,PN
3447,PN
3448,PN
3449,PN
3450,PN
3451,PN
3452,PN
3453,PN
3454,PN
3455,PN
3456,PN
3457,PN
3458,PN
3459,PN
346,PN
3462,PN
3463,PN
3464,PN
3465,PN
3466,PN
3467,PN
3468,PN
3469,PN
347,PN
3470,PN
3471,PN
3472,PN
3473,PN
3474,PN
3475,PN
3476,PN
3477,PN
3479,PN
348,PN
3480,PN
3481,PN
3482,PN
3483,PN
3485,PN
3486,PN
3488,PN
3489,PN
349,PN
3490,PN
3491,PN
3493,PN
3494,PN
3495,PN
3496,PN
3497,PN
3498,PN
3499,PN
350,PN
3500,PN
3501,PN
3503,PN
3505,PN
3507,PN
3509,PN
351,PN
3510,PN
3511,PN
3512,PN
3513,PN
3514,PN
3515,PN
3516,PN
3517,PN
3518,PN
3519,PN
3520,PN
3522,PN
3523,PN
3524,PN
3525,PN
3527,PN
3528,PN
3529,PN
353,PN
3530,PN
3532,PN
3533,PN
3534,PN
3535,PN
3536,PN
3537,PN
3538,PN
3539,PN
354,PN
3540,PN
3541,PN
3542,PN
3543,PN
3544,PN
3546,PN
3547,PN
3548,PN
3549,PN
3550,PN
3552,PN
3553,PN
3554,PN
3555,PN
3556,PN
3557,PN
3558,PN
3559,PN
356,PN
3560,PN
3561,PN
3562,PN
3563,PN
3564,PN
3565,PN
3566,PN
3567,PN
3568,PN
3569,PN
357,PN
3570,PN
3571,PN
3573,PN
3574,PN
3576,PN
3577,PN
3578,PN
3579,PN
358,PN
3580,PN
3581,PN
3582,PN
3583,PN
3584,PN
3585,PN
3586,PN
3587,PN
3588,PN
3589,PN
359,PN
3590,PN
3591,PN
3592,PN
3593,PN
3594,PN
3596,PN
3598,PN
3599,PN
36,PN
360,PN
3600,PN
3603,PN
3604,PN
3605,PN
3606,PN
3607,PN
3608,PN
3609,PN
361,PN
3610,PN
3611,PN
3612,PN
3613,PN
3614,PN
3615,PN
3616,PN
3617,PN
3618,PN
3619,PN
362,PN
3620,PN
3621,PN
3622,PN
3623,PN
3624,PN
3625,PN
3626,PN
3627,PN
3628,PN
3629,PN
3630,PN
3631,PN
3632,PN
3633,PN
3634,PN
3635,PN
3637,PN
3638,PN
3639,PN
3642,PN
3643,PN
3644,PN
3646,PN
3647,PN
3648,PN
3649,PN
3650,PN
3651,PN
3652,PN
3653,PN
3654,PN
3655,PN
3656,PN
3658,PN
3659,PN
3660,PN
3661,PN
3662,PN
3663,PN
3664,PN
3665,PN
3666,PN
3667,PN
3668,PN
3669,PN
3671,PN
3672,PN
3673,PN
3679,PN
3681,PN
3684,PN
3685,PN
3686,PN
3687,PN
3689,PN
3690,PN
3691,PN
3693,PN
3694,PN
3695,PN
3696,PN
3697,PN
3699,PN
3700,PN
3701,PN
3702,PN
3703,PN
3706,PN
3707,PN
3709,PN
3711,PN
3712,PN
3713,PN
3714,PN
3715,PN
3716,PN
3717,PN
3720,PN
3721,PN
3722,PN
3723,PN
3725,PN
3727,PN
3728,PN
3729,PN
3730,PN
3731,PN
3732,PN
3736,PN
3737,PN
3738,PN
3739,PN
3740,PN
3741,PN
3742,PN
3743,PN
3744,PN
3746,PN
3747,PN
3749,PN
375,PN
3750,PN
3752,PN
3754,PN
3755,PN
3757,PN
3758,PN
3759,PN
3760,PN
3761,PN
3762,PN
3764,PN
3765,PN
3767,PN
3769,PN
3771,PN
3772,PN
3773,PN
3774,PN
3775,PN
3777,PN
3779,PN
3780,PN
3782,PN
3783,PN
3784,PN
3786,PN
3787,PN
3788,PN
3793,PN
3794,PN
3795,PN
3796,PN
3798,PN
38,PN
3800,PN
3802,PN
3803,PN
3805,PN
3806,PN
3807,PN
3810,PN
3813,PN
3814,PN
3815,PN
3818,PN
3821,PN
3822,PN
3823,PN
3824,PN
3825,PN
3827,PN
3829,PN
3830,PN
3832,PN
3836,PN
3837,PN
3838,PN
3839,PN
3841,PN
3844,PN
3845,PN
3847,PN
3852,PN
3853,PN
3857,PN
3860,PN
3861,PN
3862,PN
3866,PN
3867,PN
3869,PN
3876,PN
3877,PN
3878,PN
3881,PN
3886,PN
3889,PN
389,PN
3891,PN
3893,PN
3896,PN
3898,PN
39,PN
390,PN
3900,PN
3905,PN
3907,PN
3908,PN
3909,PN
3910,PN
3911,PN
3912,PN
3913,PN
3915,PN
3916,PN
3917,PN
3919,PN
3920,PN
3922,PN
3923,PN
3924,PN
3925,PN
3926,PN
3928,PN
3929,PN
3930,PN
3932,PN
3933,PN
3934,PN
3935,PN
3936,PN
3938,PN
3939,PN
3940,PN
3942,PN
3944,PN
3945,PN
3946,PN
3947,PN
3950,PN
3951,PN
3952,PN
3954,PN
3955,PN
3957,PN
3958,PN
3959,PN
396,PN
3960,PN
3961,PN
3962,PN
3963,PN
3964,PN
3966,PN
3967,PN
3969,PN
397,PN
3971,PN
3972,PN
3974,PN
3975,PN
3977,PN
3978,PN
3979,PN
398,PN
3981,PN
3982,PN
3983,PN
3984,PN
3985,PN
3987,PN
3988,PN
3989,PN
3990,PN
3992,PN
3994,PN
3995,PN
3996,PN
4,PN
40,PN
4001,PN
4002,PN
4003,PN
4005,PN
4006,PN
4008,PN
4010,PN
4011,PN
4013,PN
4014,PN
4016,PN
4017,PN
4018,PN
402,PN
4020,PN
4021,PN
4022,PN
4023,PN
4024,PN
4025,PN
4026,PN
4027,PN
4029,PN
4030,PN
4031,PN
4032,PN
4033,PN
4034,PN
4037,PN
4038,PN
4041,PN
4042,PN
4044,PN
4045,PN
4046,PN
4047,PN
4048,PN
4049,PN
4050,PN
4053,PN
4054,PN
4058,PN
4059,PN
406,PN
4060,PN
4061,PN
4062,PN
4063,PN
4064,PN
4065,PN
4066,PN
4067,PN
4068,PN
4069,PN
407,PN
4071,PN
4072,PN
4074,PN
4075,PN
4076,PN
4078,PN
4080,PN
4081,PN
4083,PN
4087,PN
4088,PN
4090,PN
4092,PN
4093,PN
4094,PN
4095,PN
4096,PN
4097,PN
4100,PN
4102,PN
4103,PN
4104,PN
4105,PN
4106,PN
4107,PN
4108,PN
4109,PN
411,PN
4111,PN
4112,PN
4113,PN
4114,PN
4115,PN
4116,PN
4117,PN
4118,PN
412,PN
4120,PN
4122,PN
4124,PN
4127,PN
4128,PN
4129,PN
413,PN
4130,PN
4131,PN
4132,PN
4133,PN
4134,PN
4137,PN
4138,PN
4139,PN
4141,PN
4144,PN
4145,PN
4147,PN
4148,PN
4149,PN
415,PN
4150,PN
4151,PN
4152,PN
4153,PN
4155,PN
4156,PN
4158,PN
4159,PN
4160,PN
4161,PN
4162,PN
4163,PN
4164,PN
4165,PN
4166,PN
4167,PN
4168,PN
417,PN
4170,PN
4172,PN
4173,PN
4175,PN
4178,PN
4179,PN
418,PN
4180,PN
4181,PN
4182,PN
4183,PN
4184,PN
4185,PN
4187,PN
4189,PN
419,PN
4193,PN
4194,PN
4196,PN
4197,PN
4198,PN
4199,PN
42,PN
420,PN
4200,PN
4201,PN
4202,PN
4203,PN
4204,PN
4205,PN
4206,PN
4207,PN
4208,PN
421,PN
4211,PN
4212,PN
4213,PN
4214,PN
4216,PN
4217,PN
4218,PN
4219,PN
422,PN
4220,PN
4221,PN
4222,PN
4223,PN
4224,PN
4225,PN
4226,PN
4227,PN
4228,PN
423,PN
4230,PN
4231,PN
4232,PN
4233,PN
4234,PN
4235,PN
4238,PN
4239,PN
424,PN
4240,PN
4241,PN
4242,PN
4243,PN
4244,PN
4245,PN
4246,PN
4248,PN
4249,PN
425,PN
4250,PN
4251,PN
4252,PN
4253,PN
4254,PN
4255,PN
4256,PN
4257,PN
4258,PN
4259,PN
426,PN
4260,PN
4261,PN
4263,PN
4264,PN
4265,PN
4266,PN
4267,PN
4268,PN
4269,PN
427,PN
4270,PN
4272,PN
4273,PN
4275,PN
4276,PN
4277,PN
4281,PN
4282,PN
4283,PN
4284,PN
4285,PN
4287,PN
4288,PN
4289,PN
4290,PN
4293,PN
4294,PN
4295,PN
4296,PN
4297,PN
4298,PN
4299,PN
43,PN
4301,PN
4304,PN
4305,PN
4306,PN
4307,PN
4308,PN
4309,PN
431,PN
4311,PN
4312,PN
4314,PN
4316,PN
4319,PN
4320,PN
4321,PN
4322,PN
4323,PN
4324,PN
4326,PN
4327,PN
4328,PN
4329,PN
433,PN
4330,PN
4331,PN
4333,PN
4334,PN
4335,PN
4336,PN
4337,PN
4338,PN
434,PN
4340,PN
4341,PN
4343,PN
4344,PN
4345,PN
4346,PN
4347,PN
4348,PN
4349,PN
4350,PN
4351,PN
4352,PN
4353,PN
4354,PN
4355,PN
4356,PN
4357,PN
4358,PN
4359,PN
4360,PN
4362,PN
4363,PN
4364,PN
4365,PN
4367,PN
4368,PN
4370,PN
4373,PN
4374,PN
4375,PN
4376,PN
4377,PN
4378,PN
4379,PN
438,PN
4380,PN
4381,PN
4382,PN
4383,PN
4385,PN
4387,PN
4389,PN
439,PN
4390,PN
4392,PN
4393,PN
4394,PN
4395,PN
4396,PN
4397,PN
4398,PN
4399,PN
44,PN
440,PN
4401,PN
4402,PN
4403,PN
4404,PN
4405,PN
4406,PN
4407,PN
4408,PN
4409,PN
441,PN
4411,PN
4412,PN
4413,PN
4414,PN
4415,PN
4416,PN
4419,PN
442,PN
4420,PN
4421,PN
4423,PN
4424,PN
4425,PN
4426,PN
443,PN
4430,PN
4431,PN
4432,PN
4433,PN
4435,PN
4437,PN
4438,PN
4439,PN
444,PN
4440,PN
4441,PN
4442,PN
4443,PN
4444,PN
4445,PN
4446,PN
4448,PN
4449,PN
445,PN
4450,PN
4451,PN
4452,PN
4453,PN
4454,PN
4455,PN
4457,PN
4458,PN
446,PN
4460,PN
4462,PN
4464,PN
4465,PN
4466,PN
4468,PN
4469,PN
4470,PN
4471,PN
4473,PN
4474,PN
4475,PN
4476,PN
4477,PN
4479,PN
4480,PN
4481,PN
4482,PN
4484,PN
4485,PN
4488,PN
4489,PN
449,PN
4490,PN
4491,PN
4492,PN
4493,PN
4495,PN
4496,PN
4497,PN
4499,PN
45,PN
450,PN
4500,PN
4501,PN
4503,PN
4504,PN
4505,PN
4506,PN
4508,PN
4509,PN
4511,PN
4512,PN
4513,PN
4514,PN
4515,PN
4518,PN
452,PN
4520,PN
4521,PN
4522,PN
4524,PN
4525,PN
4526,PN
4527,PN
4530,PN
4531,PN
4532,PN
4533,PN
4534,PN
456,PN
457,PN
4570,PN
4574,PN
4577,PN
4578,PN
4580,PN
4581,PN
4588,PN
4592,PN
4596,PN
4599,PN
46,PN
4600,PN
4601,PN
4608,PN
4610,PN
4617,PN
4618,PN
4621,PN
4624,PN
4626,PN
4628,PN
4630,PN
4647,PN
4652,PN
4653,PN
4658,PN
466,PN
4663,PN
4669,PN
4676,PN
4677,PN
4679,PN
468,PN
4680,PN
4683,PN
469,PN
4692,PN
4699,PN
4701,PN
4702,PN
4709,PN
471,PN
4711,PN
4715,PN
472,PN
4721,PN
4731,PN
4742,PN
4750,PN
4753,PN
4755,PN
4756,PN
4758,PN
4759,PN
476,PN
4761,PN
4762,PN
4766,PN
4768,PN
4770,PN
4773,PN
4775,PN
4779,PN
4780,PN
4781,PN
4784,PN
4785,PN
4787,PN
4789,PN
4792,PN
4793,PN
4795,PN
4797,PN
4799,PN
4800,PN
4801,PN
4803,PN
4804,PN
4806,PN
4807,PN
4808,PN
4809,PN
481,PN
4810,PN
4811,PN
4812,PN
4813,PN
4816,PN
4817,PN
4818,PN
4819,PN
4821,PN
4822,PN
4824,PN
4825,PN
4826,PN
4827,PN
4828,PN
4829,PN
4830,PN
4831,PN
4832,PN
4833,PN
4835,PN
4842,PN
486,PN
4863,PN
4864,PN
4865,PN
4866,PN
4867,PN
4868,PN
4872,PN
4873,PN
4877,PN
4879,PN
4880,PN
4882,PN
4883,PN
4884,PN
4885,PN
4886,PN
4887,PN
4888,PN
4889,PN
4890,PN
4891,PN
4892,PN
4893,PN
4894,PN
4896,PN
4897,PN
4898,PN
4899,PN
49,PN
4900,PN
4902,PN
4905,PN
494,PN
497,PN
4997,PN
4998,PN
5,PN
500,PN
5000,PN
5002,PN
5009,PN
5013,PN
5022,PN
5024,PN
5027,PN
5029,PN
504,PN
5041,PN
5045,PN
5047,PN
5059,PN
5062,PN
5063,PN
507,PN
509,PN
512,PN
517,PN
518,PN
5180,PN
5187,PN
5192,PN
5194,PN
5199,PN
52,PN
520,PN
5202,PN
5210,PN
5214,PN
5219,PN
5220,PN
5231,PN
5232,PN
5236,PN
5238,PN
524,PN
5241,PN
525,PN
5251,PN
5253,PN
5255,PN
5260,PN
5269,PN
527,PN
5286,PN
5289,PN
5293,PN
5295,PN
5297,PN
53,PN
530,PN
5305,PN
5307,PN
5308,PN
5309,PN
5314,PN
5316,PN
5322,PN
5328,PN
5333,PN
5338,PN
5341,PN
5344,PN
5345,PN
5348,PN
535,PN
536,PN
5362,PN
5364,PN
5372,PN
5374,PN
5375,PN
5378,PN
538,PN
5381,PN
54,PN
5401,PN
5404,PN
5406,PN
5411,PN
5413,PN
5414,PN
5415,PN
543,PN
5430,PN
5431,PN
5437,PN
5438,PN
544,PN
5441,PN
5448,PN
5453,PN
5460,PN
547,PN
5471,PN
548,PN
5480,PN
5488,PN
5489,PN
5490,PN
5492,PN
5497,PN
55,PN
550,PN
5509,PN
552,PN
5535,PN
5539,PN
5542,PN
5549,PN
5557,PN
556,PN
5568,PN
557,PN
5573,PN
5575,PN
558,PN
5580,PN
5583,PN
5585,PN
5587,PN
5594,PN
5595,PN
5597,PN
5598,PN
56,PN
5604,PN
561,PN
5611,PN
5613,PN
5621,PN
563,PN
5631,PN
564,PN
5640,PN
5647,PN
565,PN
5668,PN
5670,PN
5672,PN
568,PN
5686,PN
569,PN
5690,PN
57,PN
570,PN
5706,PN
571,PN
5711,PN
5713,PN
5715,PN
572,PN
5724,PN
5727,PN
5729,PN
5738,PN
5741,PN
5742,PN
575,PN
5753,PN
5758,PN
5759,PN
577,PN
5770,PN
5786,PN
5791,PN
5796,PN
5797,PN
580,PN
5801,PN
5802,PN
5803,PN
581,PN
5812,PN
5816,PN
582,PN
5823,PN
5828,PN
583,PN
5833,PN
5835,PN
584,PN
5843,PN
5849,PN
5850,PN
5856,PN
586,PN
5861,PN
5864,PN
5865,PN
5866,PN
5867,PN
5869,PN
5870,PN
5878,PN
589,PN
5901,PN
5903,PN
591,PN
5912,PN
5915,PN
592,PN
5920,PN
593,PN
5949,PN
595,PN
5950,PN
5952,PN
5954,PN
5959,PN
596,PN
5964,PN
5969,PN
5974,PN
5977,PN
5988,PN
599,PN
5990,PN
5992,PN
5995,PN
5999,PN
6,PN
60,PN
6003,PN
6005,PN
6008,PN
6009,PN
6011,PN
6012,PN
602,PN
6021,PN
6022,PN
6024,PN
6026,PN
6028,PN
603,PN
6032,PN
6033,PN
6036,PN
604,PN
6045,PN
6047,PN
6051,PN
606,PN
6060,PN
6065,PN
607,PN
6073,PN
608,PN
6083,PN
6088,PN
6089,PN
6094,PN
6095,PN
6096,PN
61,PN
6101,PN
611,PN
6114,PN
612,PN
6121,PN
613,PN
6137,PN
614,PN
6145,PN
6154,PN
6169,PN
6176,PN
6182,PN
619,PN
6191,PN
6207,PN
621,PN
6210,PN
6213,PN
6228,PN
6229,PN
6243,PN
6246,PN
6247,PN
625,PN
6272,PN
6274,PN
6276,PN
6277,PN
6278,PN
6280,PN
6282,PN
6284,PN
6290,PN
6297,PN
63,PN
633,PN
6443,PN
6444,PN
6445,PN
6448,PN
6474,PN
6482,PN
6487,PN
6488,PN
6489,PN
6490,PN
6497,PN
65,PN
6502,PN
6504,PN
6509,PN
6512,PN
6519,PN
6522,PN
6525,PN
6526,PN
6527,PN
6528,PN
6530,PN
6532,PN
6535,PN
6538,PN
6541,PN
6542,PN
6546,PN
6547,PN
6548,PN
6551,PN
6552,PN
6553,PN
6555,PN
6561,PN
6563,PN
6565,PN
6566,PN
6571,PN
6572,PN
6573,PN
6574,PN
6582,PN
6583,PN
6584,PN
6585,PN
6588,PN
6589,PN
6591,PN
6595,PN
6596,PN
66,PN
6604,PN
6606,PN
6607,PN
6608,PN
6609,PN
6610,PN
6613,PN
67,PN
674,PN
675,PN
677,PN
678,PN
679,PN
680,PN
6808,PN
682,PN
683,PN
6879,PN
6880,PN
6881,PN
6884,PN
6885,PN
6887,PN
6888,PN
689,PN
6894,PN
6895,PN
6896,PN
69,PN
6902,PN
6903,PN
6904,PN
6906,PN
6908,PN
691,PN
6910,PN
6912,PN
6914,PN
6915,PN
6919,PN
692,PN
6923,PN
6924,PN
6937,PN
6938,PN
6939,PN
694,PN
6945,PN
6946,PN
6949,PN
6956,PN
6957,PN
696,PN
6961,PN
6962,PN
6963,PN
6964,PN
6965,PN
6966,PN
697,PN
6974,PN
6975,PN
6977,PN
6979,PN
6993,PN
6994,PN
6996,PN
6998,PN
6999,PN
7,PN
70,PN
7001,PN
7003,PN
7005,PN
7006,PN
7008,PN
7009,PN
7013,PN
7016,PN
7017,PN
7020,PN
7023,PN
7024,PN
7026,PN
7029,PN
7030,PN
7031,PN
7032,PN
7033,PN
7037,PN
7040,PN
7042,PN
7043,PN
7044,PN
7047,PN
7049,PN
705,PN
7050,PN
7052,PN
7055,PN
7056,PN
7059,PN
706,PN
7067,PN
7068,PN
7069,PN
7073,PN
7074,PN
7075,PN
7078,PN
7080,PN
7081,PN
7086,PN
7088,PN
709,PN
7090,PN
7091,PN
7092,PN
7093,PN
7096,PN
710,PN
7100,PN
7101,PN
7102,PN
7103,PN
7111,PN
7112,PN
7113,PN
7114,PN
7115,PN
7117,PN
7122,PN
7124,PN
7126,PN
7127,PN
7129,PN
713,PN
7130,PN
7131,PN
7135,PN
7136,PN
7137,PN
7140,PN
7141,PN
7142,PN
7143,PN
7147,PN
7151,PN
7152,PN
7153,PN
7154,PN
7156,PN
7162,PN
7163,PN
7167,PN
7169,PN
7173,PN
7174,PN
7179,PN
7182,PN
7183,PN
7184,PN
7188,PN
7190,PN
7192,PN
7193,PN
720,PN
7200,PN
7201,PN
7202,PN
7203,PN
7205,PN
7207,PN
7212,PN
7215,PN
7218,PN
722,PN
7220,PN
7221,PN
7223,PN
7224,PN
7227,PN
7234,PN
7235,PN
7239,PN
724,PN
7240,PN
7241,PN
7242,PN
7243,PN
7244,PN
7249,PN
7251,PN
7253,PN
7254,PN
7256,PN
7257,PN
7258,PN
726,PN
7260,PN
7262,PN
7265,PN
7266,PN
7268,PN
727,PN
7276,PN
7277,PN
7278,PN
728,PN
7281,PN
7282,PN
7283,PN
7285,PN
7286,PN
7288,PN
7289,PN
7290,PN
7294,PN
7296,PN
7298,PN
7299,PN
7301,PN
7302,PN
7306,PN
7313,PN
7316,PN
732,PN
7321,PN
7324,PN
7328,PN
733,PN
7331,PN
7333,PN
7335,PN
7336,PN
7337,PN
7338,PN
734,PN
7340,PN
7341,PN
7346,PN
7350,PN
7353,PN
7355,PN
7360,PN
7362,PN
7363,PN
7364,PN
7365,PN
7366,PN
737,PN
7377,PN
7379,PN
7382,PN
7383,PN
7388,PN
7391,PN
7395,PN
7398,PN
74,PN
740,PN
7401,PN
7404,PN
744,PN
745,PN
746,PN
747,PN
749,PN
75,PN
750,PN
7544,PN
7545,PN
7546,PN
7547,PN
7548,PN
7549,PN
7550,PN
7552,PN
7553,PN
7554,PN
7555,PN
7556,PN
7557,PN
7558,PN
7559,PN
7560,PN
7561,PN
7562,PN
7563,PN
7564,PN
7565,PN
7567,PN
7568,PN
7569,PN
7570,PN
7571,PN
7572,PN
7573,PN
7574,PN
7575,PN
7576,PN
7577,PN
7578,PN
7579,PN
758,PN
7580,PN
7581,PN
7582,PN
7583,PN
7584,PN
7585,PN
7586,PN
7587,PN
7588,PN
7589,PN
7590,PN
7591,PN
7592,PN
7593,PN
7594,PN
7595,PN
7597,PN
7598,PN
7599,PN
76,PN
760,PN
7600,PN
7601,PN
7602,PN
7603,PN
7604,PN
7605,PN
7615,PN
7616,PN
7618,PN
7619,PN
7620,PN
7621,PN
7622,PN
7623,PN
7624,PN
7625,PN
7626,PN
7627,PN
7628,PN
7629,PN
7630,PN
7631,PN
7632,PN
7633,PN
7634,PN
7635,PN
7636,PN
7637,PN
7638,PN
7639,PN
7640,PN
7641,PN
7642,PN
7643,PN
7644,PN
7645,PN
7646,PN
7647,PN
7648,PN
7649,PN
7650,PN
7651,PN
7652,PN
7653,PN
7654,PN
7655,PN
7656,PN
7657,PN
7658,PN
7659,PN
766,PN
7660,PN
7661,PN
7663,PN
7664,PN
7665,PN
7666,PN
7667,PN
7668,PN
7669,PN
7670,PN
7671,PN
7672,PN
7673,PN
7674,PN
7675,PN
7676,PN
7677,PN
7678,PN
7679,PN
768,PN
7680,PN
7681,PN
7682,PN
7683,PN
7684,PN
7686,PN
7687,PN
7688,PN
7689,PN
769,PN
7690,PN
7691,PN
7692,PN
7693,PN
7694,PN
77,PN
7708,PN
7709,PN
7713,PN
7714,PN
7719,PN
772,PN
7720,PN
7725,PN
7726,PN
7739,PN
7740,PN
7741,PN
7743,PN
7745,PN
7746,PN
7752,PN
7758,PN
7760,PN
7761,PN
7764,PN
7765,PN
7769,PN
777,PN
7770,PN
7773,PN
7781,PN
7783,PN
7785,PN
779,PN
7791,PN
7794,PN
7798,PN
78,PN
7800,PN
7802,PN
7806,PN
7807,PN
7808,PN
781,PN
7814,PN
7816,PN
7817,PN
7819,PN
782,PN
7824,PN
7826,PN
783,PN
7857,PN
786,PN
7866,PN
787,PN
788,PN
789,PN
7897,PN
79,PN
7908,PN
791,PN
7912,PN
7917,PN
792,PN
7967,PN
797,PN
7979,PN
798,PN
7981,PN
7985,PN
799,PN
7994,PN
7996,PN
7998,PN
8,PN
80,PN
8000,PN
8001,PN
8002,PN
8007,PN
8009,PN
8011,PN
8020,PN
8022,PN
8023,PN
8024,PN
8025,PN
8028,PN
803,PN
8034,PN
8039,PN
804,PN
8045,PN
8046,PN
8048,PN
805,PN
8050,PN
8055,PN
8059,PN
806,PN
8061,PN
8062,PN
8063,PN
8064,PN
8066,PN
807,PN
8070,PN
8075,PN
8076,PN
8077,PN
808,PN
8081,PN
8082,PN
8083,PN
8086,PN
809,PN
8091,PN
8096,PN
8098,PN
81,PN
810,PN
8102,PN
8105,PN
8107,PN
811,PN
8112,PN
8118,PN
812,PN
8126,PN
8127,PN
813,PN
8130,PN
8133,PN
8137,PN
8139,PN
814,PN
815,PN
8151,PN
8153,PN
8156,PN
8158,PN
816,PN
8164,PN
8165,PN
8167,PN
8169,PN
817,PN
8171,PN
8174,PN
8177,PN
818,PN
8184,PN
819,PN
8194,PN
8199,PN
82,PN
8200,PN
8204,PN
8205,PN
8208,PN
821,PN
8212,PN
822,PN
8221,PN
8225,PN
8226,PN
823,PN
8233,PN
8234,PN
8235,PN
824,PN
8240,PN
8244,PN
8245,PN
8249,PN
825,PN
8250,PN
8252,PN
8254,PN
8255,PN
8257,PN
826,PN
8265,PN
8268,PN
827,PN
8270,PN
8275,PN
8276,PN
8277,PN
8279,PN
828,PN
8282,PN
8287,PN
829,PN
8294,PN
8295,PN
8296,PN
8297,PN
83,PN
830,PN
8301,PN
8307,PN
8310,PN
8319,PN
832,PN
8322,PN
8323,PN
8326,PN
833,PN
8332,PN
8333,PN
8334,PN
834,PN
8342,PN
8345,PN
8347,PN
835,PN
8352,PN
8354,PN
8359,PN
8362,PN
8363,PN
8364,PN
8368,PN
8369,PN
8371,PN
8372,PN
838,PN
8383,PN
8386,PN
8388,PN
839,PN
8394,PN
840,PN
8401,PN
841,PN
8411,PN
8413,PN
8417,PN
8420,PN
8421,PN
8425,PN
8428,PN
843,PN
8432,PN
8433,PN
8435,PN
8436,PN
844,PN
8440,PN
8441,PN
8442,PN
8447,PN
845,PN
8450,PN
846,PN
8461,PN
8462,PN
8464,PN
8471,PN
848,PN
8480,PN
8482,PN
8483,PN
8485,PN
8486,PN
8489,PN
849,PN
8490,PN
8498,PN
85,PN
850,PN
8504,PN
851,PN
8511,PN
8512,PN
8513,PN
8514,PN
852,PN
8529,PN
853,PN
8532,PN
8538,PN
854,PN
8542,PN
8543,PN
8548,PN
855,PN
8551,PN
8553,PN
8554,PN
8557,PN
8558,PN
8560,PN
8565,PN
8569,PN
857,PN
8571,PN
8572,PN
8574,PN
858,PN
8580,PN
8583,PN
8585,PN
8588,PN
8589,PN
859,PN
8593,PN
86,PN
860,PN
8609,PN
861,PN
8611,PN
8614,PN
8618,PN
8619,PN
862,PN
863,PN
8632,PN
8635,PN
8636,PN
8639,PN
8641,PN
8642,PN
8649,PN
8651,PN
8652,PN
8653,PN
8656,PN
8658,PN
866,PN
8663,PN
8664,PN
8665,PN
8667,PN
8668,PN
8669,PN
867,PN
8672,PN
8673,PN
8674,PN
868,PN
8680,PN
8684,PN
8689,PN
869,PN
8699,PN
8700,PN
8704,PN
8708,PN
8709,PN
8711,PN
8713,PN
8717,PN
8718,PN
872,PN
8722,PN
8723,PN
8728,PN
873,PN
8732,PN
8734,PN
8736,PN
8738,PN
874,PN
8743,PN
8746,PN
8748,PN
875,PN
8753,PN
8755,PN
8756,PN
876,PN
8762,PN
8764,PN
8765,PN
877,PN
8770,PN
8773,PN
8774,PN
8775,PN
8776,PN
8778,PN
878,PN
8784,PN
8787,PN
879,PN
8792,PN
8794,PN
8796,PN
88,PN
880,PN
8800,PN
8801,PN
8804,PN
8805,PN
8809,PN
881,PN
8811,PN
8812,PN
8814,PN
8815,PN
8818,PN
882,PN
8821,PN
8825,PN
8826,PN
8828,PN
883,PN
8830,PN
8831,PN
8832,PN
8835,PN
8836,PN
8837,PN
8838,PN
8839,PN
8841,PN
8843,PN
8844,PN
8846,PN
8847,PN
8849,PN
885,PN
886,PN
8867,PN
8872,PN
8885,PN
8894,PN
8896,PN
8897,PN
89,PN
8905,PN
8919,PN
8920,PN
8923,PN
8934,PN
8938,PN
8951,PN
8952,PN
8962,PN
8998,PN
9,PN
90,PN
9006,PN
9013,PN
9021,PN
9034,PN
9035,PN
9042,PN
9044,PN
9045,PN
9048,PN
9051,PN
9056,PN
9081,PN
9082,PN
9099,PN
91,PN
9109,PN
9112,PN
9118,PN
9133,PN
9134,PN
9175,PN
9180,PN
9186,PN
9191,PN
92,PN
9200,PN
9208,PN
9218,PN
9224,PN
9239,PN
9243,PN
9266,PN
9267,PN
9270,PN
9277,PN
9282,PN
9286,PN
9296,PN
93,PN
9304,PN
9306,PN
931,PN
9314,PN
9319,PN
9322,PN
933,PN
934,PN
9342,PN
9350,PN
9371,PN
9386,PN
9392,PN
9395,PN
94,PN
9407,PN
9408,PN
9409,PN
942,PN
944,PN
9455,PN
9457,PN
947,PN
9470,PN
9472,PN
9476,PN
95,PN
950,PN
951,PN
952,PN
953,PN
959,PN
96,PN
961,PN
963,PN
975,PN
98,PN
983,PN
986,PN
987,PN
99,PN
990,PN
9902,PN
994,PN
9947,PN
995,PN
9958,PN
9974,PN
9992,PN
9993,PN
10858,WC
10861,WC
10864,WC
10884,WC
10885,WC
10891,WC
10898,WC
10900,WC
10902,WC
10917,WC
10921,WC
10925,WC
10938,WC
10939,WC
10955,WC
10962,WC
10978,WC
11110,WC
11119,WC
11121,WC
11128,WC
11130,WC
11136,WC
11147,WC
11152,WC
11153,WC
11163,WC
11165,WC
11169,WC
11170,WC
11173,WC
11177,WC
11178,WC
11180,WC
11190,WC
11193,WC
11195,WC
11196,WC
11198,WC
11207,WC
11213,WC
11216,WC
11218,WC
11219,WC
11222,WC
11223,WC
11245,WC
7107,WC
7109,WC
7406,WC
7409,WC
7410,WC
7411,WC
7412,WC
7413,WC
7416,WC
7417,WC
7418,WC
7420,WC
7423,WC
7428,WC
7432,WC
7433,WC
7437,WC
7438,WC
7439,WC
7440,WC
7444,WC
7445,WC
7447,WC
7448,WC
7449,WC
7450,WC
7452,WC
7456,WC
7457,WC
7459,WC
7460,WC
7461,WC
7462,WC
7463,WC
7464,WC
7465,WC
7466,WC
7468,WC
7469,WC
7470,WC
7473,WC
7474,WC
7478,WC
7480,WC
7482,WC
7483,WC
7484,WC
7485,WC
7487,WC
7493,WC
7494,WC
7497,WC
7499,WC
7502,WC
7504,WC
7505,WC
7506,WC
7507,WC
7510,WC
7513,WC
7514,WC
7516,WC
7517,WC
7519,WC
7520,WC
7521,WC
7522,WC
7526,WC
7529,WC
7531,WC
7532,WC
7536,WC
7538,WC
7540,WC
7543,WC
7606,WC
7695,WC
7697,WC
7698,WC
7701,WC
7704,WC
7707,WC
7721,WC
7724,WC
7727,WC
7731,WC
7738,WC
7742,WC
7750,WC
7763,WC
7784,WC
7793,WC
7799,WC
7801,WC
7803,WC
7805,WC
7810,WC
7812,WC
7829,WC
7833,WC
8918,WC
9123,WC
9125,WC
9211,WC
9219,WC
9480,WC
9489,WC
